Title,Media URL,Pinterest board,Description,Link,Publish date
"Budget Smartwatches: Which Cheap Models Are Actually Worth Buying?","https://sc02.alicdn.com/kf/HTB1ZVpKX2WG3KVjSZFPq6xaiXXaz.jpg_200x200.jpg","ByteBuy Blog","Honest guide to budget smartwatches: the difference between old-style DZ09 SIM-card watches, basic fitness trackers, and genuine standalone 4G/GPS smartwatches, and which tier fits you.","https://bytebuy.store/blog/budget-smartwatches-worth-it-2026/","2026-09-19 10:00:00"
"3D Printers in 2026: How to Choose the Right One","https://img.gkbcdn.com/s3/p/2025-08-20/creality-k2-pro-combo-3d-printer-a2b8f4-1755685042060.jpg","ByteBuy Blog","3D printer buying guide for 2026: entry-level vs multi-material vs multi-color vs professional models, what build volume and speed actually mean, and which tier fits a beginner.","https://bytebuy.store/blog/3d-printers-2026-buying-guide/","2026-09-18 10:00:00"
"Portable Power Stations & Solar Panels: A Practical Buying Guide","https://img.gkbcdn.com/s3/p/2025-01-23/fossibot-f2400-portable-power-station---sp200-solar-panel-4d7b05-1737601510321.jpeg","ByteBuy Blog","How to choose a portable power station for home backup or off-grid use, when to add a solar panel, and how to size capacity to what you actually need to run.","https://bytebuy.store/blog/portable-power-stations-solar-panels-guide-2026/","2026-09-17 10:00:00"
"Tronsmart TWS Earbuds & Headphones Review: The Full Lineup Compared","https://img.gkbcdn.com/s3/p/2024-03-26/66355ae64dc94768b9b6deeb80e7d0c6-523979-3.jpg","ByteBuy Blog","Tronsmart wireless audio lineup reviewed: the Sounfii R4 TWS earbuds with ENC call noise reduction and the SOUNFII Q20S hybrid ANC headphones — which one actually fits your use case.","https://bytebuy.store/blog/tronsmart-tws-earbuds-lineup-2026/","2026-09-16 10:00:00"
"Mini PC Buying Guide 2026: How Are They Actually Different From Each Other?","https://img.gkbcdn.com/s3/p/2025-04-29/minix-n512-mini-pc--16gb-ram---512gb-ssd-39a3f8-1745910987850.jpg","ByteBuy Blog","Mini PC buying guide: how a mini PC differs from a regular desktop, when it makes sense instead of a full tower, and a comparison of an Android TV box vs. Ryzen and Intel mini PCs.","https://bytebuy.store/blog/mini-pc-comparison-guide-2026/","2026-09-15 10:00:00"
"A68Designer Armrest Office Chair Review: Oversized Ergonomic Executive Seating","https://ae-pic-a1.aliexpress-media.com/kf/S61a5e3831c4c48318c45f4cc9178bb8eW.jpg","ByteBuy Blog","Detailed review of the A68Designer Armrest Office Chair: oversized seating cushion, adjustable swivel wheels, ergonomic posture support, high-density foam, and budget comparison.","https://bytebuy.store/blog/a68designer-armrest-office-chair-review-2026/","2026-09-11 10:00:00"
"FMART W6 Window Cleaner Robot Review: 3800Pa Suction & Dual Ultrasonic Spray","https://img.gkbcdn.com/p/2026-03-03/FMART-W6-Window-Cleaner-Robot-White-531124-0._p1_.jpg","ByteBuy Blog","In-depth FMART W6 window cleaning robot review: 3800Pa suction power, dual ultrasonic water spray, AI edge detection sensors, app control, and comparison with competitors.","https://bytebuy.store/blog/fmart-w6-window-cleaner-robot-review-2026/","2026-09-02 10:00:00"
"Ultenic U18 PowerPro Cordless Vacuum Review: 55kPa Suction & 80-Min Runtime","https://img.gkbcdn.com/p/2026-06-11/Ultenic-U18-Power-Pro-Cordless-Vacuum-Cleaner-531622-0._w500_.jpg","ByteBuy Blog","In-depth Ultenic U18 PowerPro review: 600W motor, 55kPa high suction power, GreenEye LED dust detection, bendable wand, self-standing design, and comparison.","https://bytebuy.store/blog/ultenic-u18-powerpro-cordless-vacuum-review-2026/","2026-09-02 10:00:00"
"NEWTRAL MagicH-GPRO Ergonomic Chair Review: Ultimate Support for WFH & Gaming","https://img.gkbcdn.com/p/2025-12-03/newtral-magich-gpro-ergonomic-chair-with-footrest-gray-a2d707-1764757369005._w500_.jpg","ByteBuy Blog","NEWTRAL MagicH-GPRO ergonomic chair review: Patented auto-following lumbar support, 5D headrest, 4D armrests, foldable footrest, and 136° recline.","https://bytebuy.store/blog/newtral-magich-gpro-ergonomic-chair-review-2026/","2026-08-24 10:00:00"
"Narwal Freo Z10 Robot Vacuum & Mop Review: Is Hands-Off Cleaning Worth It?","https://img.gkbcdn.com/p/2025-05-14/NARWAL-Freo-Z10-Robot-Vacuum-and-Mop-White-EU-Plug-528804-2._w500_.jpg","ByteBuy Blog","Narwal Freo Z10 review: 15,000Pa suction, spinning mop system, hot-water self-cleaning base, and 120-day self-emptying. Who it's actually good for.","https://bytebuy.store/blog/narwal-freo-z10-robot-vacuum-mop-review-2026/","2026-08-21 10:00:00"
"Halo Knight T102 Electric Scooter Review 2025: 1200W of Raw Power for Urban Explorers","https://img.gkbcdn.com/p/2025-04-01/Halo-Knight-T102-Electric-Scooter-1200W-52V-21Ah-528255-0._w500_.jpg","ByteBuy Blog","Detailed review of the Halo Knight T102 electric scooter: 1200W motor, 52V 21Ah battery, 45km range, 50km/h top speed, dual disc brakes, and full suspension.","https://bytebuy.store/blog/halo-knight-t102-electric-scooter-review-2025/","2025-09-01 10:00:00"
"Creality K2 Pro Combo Review 2025 – Is This the Ultimate Multi-Color 3D Printer?","https://img.gkbcdn.com/p/2025-08-28/Creality-K2-Combo-3D-Printer-530014-10._w500_.jpg","ByteBuy Blog","Detailed review of the Creality K2 Pro Combo 3D printer: 300×300×300 mm build volume, 600 mm/s speed, 16-color printing, and AI calibration.","https://bytebuy.store/blog/creality-k2-pro-combo-review-2025/","2025-08-17 10:00:00"
